Type,Buy Amount,Buy Cur.,Sell Amount,Sell Cur.,Fee Amount (optional),Fee Cur. (optional),Exchange (optional),Trade Group (optional),Comment (optional),Date,Tx-ID
"Trade","0.00009729","BTC-DFI","0.00000163000000","BTC","","","DeFiChain Light Wallet","Add Liquidity","Trade 1 ","2022-01-23T17:44:59", "1BTC-DFI20220123174459"
"Trade","0.00009729","BTC-DFI","0.02324109000000","DFI","","","DeFiChain Light Wallet","Add Liquidity","Trade 2 ","2022-01-23T17:44:59", "1BTC-DFI20220123174459"
"Mining","0.00000018000000","BTC","","","","","DeFiChain Light Wallet","","Commission","2022-01-22T00:01:00", "BTC20220122000100_Commission"
"Mining","1.70241495000000","DFI","","","","","DeFiChain Light Wallet","","Rewards","2022-01-22T00:01:00", "DFI20220122000100_Rewards"
"Mining","0.00794247000000","DFI","","","","","DeFiChain Light Wallet","","Commission","2022-01-22T00:01:00", "DFI20220122000100_Commission"
"Trade","0.000040055","BTC-DFI","0.00944364000000","DFI","","","DeFiChain Light Wallet","Add Liquidity","Trade 1 ","2022-01-21T15:39:19", "1BTC-DFI20220121153919"
"Trade","0.000040055","BTC-DFI","0.00000068000000","BTC","","","DeFiChain Light Wallet","Add Liquidity","Trade 2 ","2022-01-21T15:39:19", "1BTC-DFI20220121153919"
"Mining","0.00000098000000","BTC","","","","","DeFiChain Light Wallet","","Commission","2022-01-21T00:01:00", "BTC20220121000100_Commission"
"Mining","2.21678924000000","DFI","","","","","DeFiChain Light Wallet","","Rewards","2022-01-21T00:01:00", "DFI20220121000100_Rewards"
"Mining","0.03587626000000","DFI","","","","","DeFiChain Light Wallet","","Commission","2022-01-21T00:01:00", "DFI20220121000100_Commission"
"Trade","0.000040145","BTC-DFI","0.00000068000000","BTC","","","DeFiChain Light Wallet","Add Liquidity","Trade 1 ","2022-01-20T15:35:08", "1BTC-DFI20220120153508"
"Trade","0.000040145","BTC-DFI","0.00948726000000","DFI","","","DeFiChain Light Wallet","Add Liquidity","Trade 2 ","2022-01-20T15:35:08", "1BTC-DFI20220120153508"
"Mining","0.00000107000000","BTC","","","","","DeFiChain Light Wallet","","Commission","2022-01-20T00:01:00", "BTC20220120000100_Commission"
"Mining","2.28379356000000","DFI","","","","","DeFiChain Light Wallet","","Rewards","2022-01-20T00:01:00", "DFI20220120000100_Rewards"
"Mining","0.02721785000000","DFI","","","","","DeFiChain Light Wallet","","Commission","2022-01-20T00:01:00", "DFI20220120000100_Commission"
"Trade","0.000049655","BTC-DFI","0.00000084000000","BTC","","","DeFiChain Light Wallet","Add Liquidity","Trade 1 ","2022-01-19T15:25:54", "1BTC-DFI20220119152554"
"Trade","0.000049655","BTC-DFI","0.01174721000000","DFI","","","DeFiChain Light Wallet","Add Liquidity","Trade 2 ","2022-01-19T15:25:54", "1BTC-DFI20220119152554"
"Mining","0.00000042000000","BTC","","","","","DeFiChain Light Wallet","","Commission","2022-01-19T00:01:00", "BTC20220119000100_Commission"
"Mining","2.20184950000000","DFI","","","","","DeFiChain Light Wallet","","Rewards","2022-01-19T00:01:00", "DFI20220119000100_Rewards"
"Mining","0.01341338000000","DFI","","","","","DeFiChain Light Wallet","","Commission","2022-01-19T00:01:00", "DFI20220119000100_Commission"
"Trade","0.000014095","BTC-DFI","0.00331391000000","DFI","","","DeFiChain Light Wallet","Add Liquidity","Trade 1 ","2022-01-18T15:27:44", "1BTC-DFI20220118152744"
"Trade","0.000014095","BTC-DFI","0.00000024000000","BTC","","","DeFiChain Light Wallet","Add Liquidity","Trade 2 ","2022-01-18T15:27:44", "1BTC-DFI20220118152744"
"Mining","0.00000086000000","BTC","","","","","DeFiChain Light Wallet","","Commission","2022-01-18T00:01:00", "BTC20220118000100_Commission"
"Mining","2.22447381000000","DFI","","","","","DeFiChain Light Wallet","","Rewards","2022-01-18T00:01:00", "DFI20220118000100_Rewards"
"Mining","0.01594366000000","DFI","","","","","DeFiChain Light Wallet","","Commission","2022-01-18T00:01:00", "DFI20220118000100_Commission"
"Trade","0.000086665","BTC-DFI","0.00000148000000","BTC","","","DeFiChain Light Wallet","Add Liquidity","Trade 1 ","2022-01-17T18:56:38", "1BTC-DFI20220117185638"
"Trade","0.000086665","BTC-DFI","0.02031183000000","DFI","","","DeFiChain Light Wallet","Add Liquidity","Trade 2 ","2022-01-17T18:56:38", "1BTC-DFI20220117185638"
"Mining","0.00000053000000","BTC","","","","","DeFiChain Light Wallet","","Commission","2022-01-17T00:01:00", "BTC20220117000100_Commission"
"Mining","2.30132457000000","DFI","","","","","DeFiChain Light Wallet","","Rewards","2022-01-17T00:01:00", "DFI20220117000100_Rewards"
"Mining","0.02112476000000","DFI","","","","","DeFiChain Light Wallet","","Commission","2022-01-17T00:01:00", "DFI20220117000100_Commission"
"Trade","0.00010885","BTC-DFI","0.00000185000000","BTC","","","DeFiChain Light Wallet","Add Liquidity","Trade 1 ","2022-01-16T02:14:33", "1BTC-DFI20220116021433"
"Trade","0.00010885","BTC-DFI","0.02563250000000","DFI","","","DeFiChain Light Wallet","Add Liquidity","Trade 2 ","2022-01-16T02:14:33", "1BTC-DFI20220116021433"
"Mining","0.00000045000000","BTC","","","","","DeFiChain Light Wallet","","Commission","2022-01-16T00:01:00", "BTC20220116000100_Commission"
"Mining","2.35499047000000","DFI","","","","","DeFiChain Light Wallet","","Rewards","2022-01-16T00:01:00", "DFI20220116000100_Rewards"
"Mining","0.01918273000000","DFI","","","","","DeFiChain Light Wallet","","Commission","2022-01-16T00:01:00", "DFI20220116000100_Commission"
"Mining","0.00000112000000","BTC","","","","","DeFiChain Light Wallet","","Commission","2022-01-15T00:01:00", "BTC20220115000100_Commission"
"Mining","2.26225365000000","DFI","","","","","DeFiChain Light Wallet","","Rewards","2022-01-15T00:01:00", "DFI20220115000100_Rewards"
"Mining","0.01742874000000","DFI","","","","","DeFiChain Light Wallet","","Commission","2022-01-15T00:01:00", "DFI20220115000100_Commission"
"Trade","0.000043925","BTC-DFI","0.00000074000000","BTC","","","DeFiChain Light Wallet","Add Liquidity","Trade 1 ","2022-01-14T15:36:06", "1BTC-DFI20220114153606"
"Trade","0.000043925","BTC-DFI","0.01043523000000","DFI","","","DeFiChain Light Wallet","Add Liquidity","Trade 2 ","2022-01-14T15:36:06", "1BTC-DFI20220114153606"
"Mining","0.00000136000000","BTC","","","","","DeFiChain Light Wallet","","Commission","2022-01-14T00:01:00", "BTC20220114000100_Commission"
"Mining","2.34465463000000","DFI","","","","","DeFiChain Light Wallet","","Rewards","2022-01-14T00:01:00", "DFI20220114000100_Rewards"
"Mining","0.01663932000000","DFI","","","","","DeFiChain Light Wallet","","Commission","2022-01-14T00:01:00", "DFI20220114000100_Commission"
"Trade","0.00010115","BTC-DFI","0.02408532000000","DFI","","","DeFiChain Light Wallet","Add Liquidity","Trade 1 ","2022-01-13T15:31:24", "1BTC-DFI20220113153124"
"Trade","0.00010115","BTC-DFI","0.00000170000000","BTC","","","DeFiChain Light Wallet","Add Liquidity","Trade 2 ","2022-01-13T15:31:24", "1BTC-DFI20220113153124"
"Mining","0.00000063000000","BTC","","","","","DeFiChain Light Wallet","","Commission","2022-01-13T00:01:00", "BTC20220113000100_Commission"
"Mining","2.41515035000000","DFI","","","","","DeFiChain Light Wallet","","Rewards","2022-01-13T00:01:00", "DFI20220113000100_Rewards"
"Mining","0.02110494000000","DFI","","","","","DeFiChain Light Wallet","","Commission","2022-01-13T00:01:00", "DFI20220113000100_Commission"
"Trade","0.000120935","BTC-DFI","0.02869024000000","DFI","","","DeFiChain Light Wallet","Add Liquidity","Trade 1 ","2022-01-12T15:39:49", "1BTC-DFI20220112153949"
"Trade","0.000120935","BTC-DFI","0.00000204000000","BTC","","","DeFiChain Light Wallet","Add Liquidity","Trade 2 ","2022-01-12T15:39:49", "1BTC-DFI20220112153949"
"Mining","0.00000078000000","BTC","","","","","DeFiChain Light Wallet","","Commission","2022-01-12T00:01:00", "BTC20220112000100_Commission"
"Mining","2.52399443000000","DFI","","","","","DeFiChain Light Wallet","","Rewards","2022-01-12T00:01:00", "DFI20220112000100_Rewards"
"Mining","0.02200152000000","DFI","","","","","DeFiChain Light Wallet","","Commission","2022-01-12T00:01:00", "DFI20220112000100_Commission"
"Trade","0.000029205","BTC-DFI","0.00000049000000","BTC","","","DeFiChain Light Wallet","Add Liquidity","Trade 1 ","2022-01-11T15:29:06", "1BTC-DFI20220111152906"
"Trade","0.000029205","BTC-DFI","0.00696630000000","DFI","","","DeFiChain Light Wallet","Add Liquidity","Trade 2 ","2022-01-11T15:29:06", "1BTC-DFI20220111152906"
"Mining","0.00000265000000","BTC","","","","","DeFiChain Light Wallet","","Commission","2022-01-11T00:01:00", "BTC20220111000100_Commission"
"Mining","2.62448689000000","DFI","","","","","DeFiChain Light Wallet","","Rewards","2022-01-11T00:01:00", "DFI20220111000100_Rewards"
"Mining","0.04553113000000","DFI","","","","","DeFiChain Light Wallet","","Commission","2022-01-11T00:01:00", "DFI20220111000100_Commission"
"Trade","0.000120015","BTC-DFI","0.02854575000000","DFI","","","DeFiChain Light Wallet","Add Liquidity","Trade 1 ","2022-01-10T15:30:21", "1BTC-DFI20220110153021"
"Trade","0.000120015","BTC-DFI","0.00000202000000","BTC","","","DeFiChain Light Wallet","Add Liquidity","Trade 2 ","2022-01-10T15:30:21", "1BTC-DFI20220110153021"
"Mining","0.00000110000000","BTC","","","","","DeFiChain Light Wallet","","Commission","2022-01-10T00:01:00", "BTC20220110000100_Commission"
"Mining","2.51765162000000","DFI","","","","","DeFiChain Light Wallet","","Rewards","2022-01-10T00:01:00", "DFI20220110000100_Rewards"
"Mining","0.02019124000000","DFI","","","","","DeFiChain Light Wallet","","Commission","2022-01-10T00:01:00", "DFI20220110000100_Commission"
"Trade","0.000052645","BTC-DFI","0.01274849000000","DFI","","","DeFiChain Light Wallet","Add Liquidity","Trade 1 ","2022-01-09T18:30:56", "1BTC-DFI20220109183056"
"Trade","0.000052645","BTC-DFI","0.00000087000000","BTC","","","DeFiChain Light Wallet","Add Liquidity","Trade 2 ","2022-01-09T18:30:56", "1BTC-DFI20220109183056"
"Mining","0.00000161000000","BTC","","","","","DeFiChain Light Wallet","","Commission","2022-01-09T00:01:00", "BTC20220109000100_Commission"
"Mining","2.70439151000000","DFI","","","","","DeFiChain Light Wallet","","Rewards","2022-01-09T00:01:00", "DFI20220109000100_Rewards"
"Mining","0.01366235000000","DFI","","","","","DeFiChain Light Wallet","","Commission","2022-01-09T00:01:00", "DFI20220109000100_Commission"
"Trade","0.00012723","BTC-DFI","0.00000215000000","BTC","","","DeFiChain Light Wallet","Add Liquidity","Trade 1 ","2022-01-08T21:07:09", "1BTC-DFI20220108210709"
"Trade","0.00012723","BTC-DFI","0.03013053000000","DFI","","","DeFiChain Light Wallet","Add Liquidity","Trade 2 ","2022-01-08T21:07:09", "1BTC-DFI20220108210709"
"Mining","0.00000111000000","BTC","","","","","DeFiChain Light Wallet","","Commission","2022-01-08T00:01:00", "BTC20220108000100_Commission"
"Mining","2.63374973000000","DFI","","","","","DeFiChain Light Wallet","","Rewards","2022-01-08T00:01:00", "DFI20220108000100_Rewards"
"Mining","0.03197079000000","DFI","","","","","DeFiChain Light Wallet","","Commission","2022-01-08T00:01:00", "DFI20220108000100_Commission"
"Trade","0.00008443","BTC-DFI","0.01927638000000","DFI","","","DeFiChain Light Wallet","Add Liquidity","Trade 1 ","2022-01-07T15:22:40", "1BTC-DFI20220107152240"
"Trade","0.00008443","BTC-DFI","0.00000148000000","BTC","","","DeFiChain Light Wallet","Add Liquidity","Trade 2 ","2022-01-07T15:22:40", "1BTC-DFI20220107152240"
"Mining","0.00000176000000","BTC","","","","","DeFiChain Light Wallet","","Commission","2022-01-07T00:01:00", "BTC20220107000100_Commission"
"Mining","2.68764641000000","DFI","","","","","DeFiChain Light Wallet","","Rewards","2022-01-07T00:01:00", "DFI20220107000100_Rewards"
"Mining","0.05147076000000","DFI","","","","","DeFiChain Light Wallet","","Commission","2022-01-07T00:01:00", "DFI20220107000100_Commission"
"Trade","0.000124535","BTC-DFI","0.00000218000000","BTC","","","DeFiChain Light Wallet","Add Liquidity","Trade 1 ","2022-01-06T15:15:26", "1BTC-DFI20220106151526"
"Trade","0.000124535","BTC-DFI","0.02846962000000","DFI","","","DeFiChain Light Wallet","Add Liquidity","Trade 2 ","2022-01-06T15:15:26", "1BTC-DFI20220106151526"
"Mining","0.00000208000000","BTC","","","","","DeFiChain Light Wallet","","Commission","2022-01-06T00:01:00", "BTC20220106000100_Commission"
"Mining","2.61374747000000","DFI","","","","","DeFiChain Light Wallet","","Rewards","2022-01-06T00:01:00", "DFI20220106000100_Rewards"
"Mining","0.06917555000000","DFI","","","","","DeFiChain Light Wallet","","Commission","2022-01-06T00:01:00", "DFI20220106000100_Commission"
"Trade","0.00006869","BTC-DFI","0.01560626000000","DFI","","","DeFiChain Light Wallet","Add Liquidity","Trade 1 ","2022-01-05T15:24:33", "1BTC-DFI20220105152433"
"Trade","0.00006869","BTC-DFI","0.00000121000000","BTC","","","DeFiChain Light Wallet","Add Liquidity","Trade 2 ","2022-01-05T15:24:33", "1BTC-DFI20220105152433"
"Mining","0.00000097000000","BTC","","","","","DeFiChain Light Wallet","","Commission","2022-01-05T00:01:00", "BTC20220105000100_Commission"
"Mining","2.67200551000000","DFI","","","","","DeFiChain Light Wallet","","Rewards","2022-01-05T00:01:00", "DFI20220105000100_Rewards"
"Mining","0.02611595000000","DFI","","","","","DeFiChain Light Wallet","","Commission","2022-01-05T00:01:00", "DFI20220105000100_Commission"
"Trade","0.00011655","BTC-DFI","0.02626423000000","DFI","","","DeFiChain Light Wallet","Add Liquidity","Trade 1 ","2022-01-04T15:23:14", "1BTC-DFI20220104152314"
"Trade","0.00011655","BTC-DFI","0.00000207000000","BTC","","","DeFiChain Light Wallet","Add Liquidity","Trade 2 ","2022-01-04T15:23:14", "1BTC-DFI20220104152314"
"Mining","0.00000176000000","BTC","","","","","DeFiChain Light Wallet","","Commission","2022-01-04T00:01:00", "BTC20220104000100_Commission"
"Mining","2.81921478000000","DFI","","","","","DeFiChain Light Wallet","","Rewards","2022-01-04T00:01:00", "DFI20220104000100_Rewards"
"Mining","0.03907551000000","DFI","","","","","DeFiChain Light Wallet","","Commission","2022-01-04T00:01:00", "DFI20220104000100_Commission"
"Trade","0.704306495","BTC-DFI","158.92440492000000","DFI","","","DeFiChain Light Wallet","Add Liquidity","Trade 1 ","2022-01-03T21:46:23", "1BTC-DFI20220103214623"
"Trade","0.704306495","BTC-DFI","0.01249174000000","BTC","","","DeFiChain Light Wallet","Add Liquidity","Trade 2 ","2022-01-03T21:46:23", "1BTC-DFI20220103214623"
"Trade","0.01249152000000","BTC","529.95006493999995","USDC","","","DeFiChain Light Wallet","DEX Trade","Poolswap","2022-01-03T21:41:10", "BTCUSDC20220103214110"
"Trade","529.94064591999995","USDC","143.13618992","USDC-DFI","","","DeFiChain Light Wallet","Remove Liquidity","Trade 1 ","2022-01-03T21:27:50", "1USDC-DFI20220103212750"
"Trade","158.31042479000001","DFI","143.13618992","USDC-DFI","","","DeFiChain Light Wallet","Remove Liquidity","Trade 2 ","2022-01-03T21:27:50", "2USDC-DFI20220103212750"
"Withdrawal","","","1.22227650000000","ETH","","","DeFiChain Light Wallet","","AccountToAccount","2022-01-03T21:21:41", "ETH20220103212141_AccountToAccount"
"Trade","0.61230616000000","ETH","670.00000000000000","DFI","","","DeFiChain Light Wallet","DEX Trade","Poolswap","2022-01-03T21:19:51", "ETHDFI20220103211951"
"Trade","0.60996997000000","ETH","10.071289995","ETH-DFI","","","DeFiChain Light Wallet","Remove Liquidity","Trade 1 ","2022-01-03T21:14:14", "1ETH-DFI20220103211414"
"Trade","666.05082198000002","DFI","10.071289995","ETH-DFI","","","DeFiChain Light Wallet","Remove Liquidity","Trade 2 ","2022-01-03T21:14:14", "2ETH-DFI20220103211414"
"Trade","0.001144375","ETH-DFI","0.07572824000000","DFI","","","DeFiChain Light Wallet","Add Liquidity","Trade 1 ","2022-01-03T20:57:24", "1ETH-DFI20220103205724"
"Trade","0.001144375","ETH-DFI","0.00006931000000","ETH","","","DeFiChain Light Wallet","Add Liquidity","Trade 2 ","2022-01-03T20:57:24", "1ETH-DFI20220103205724"
"Trade","0.000592965","BTC-DFI","0.13446338000000","DFI","","","DeFiChain Light Wallet","Add Liquidity","Trade 1 ","2022-01-03T20:56:35", "1BTC-DFI20220103205635"
"Trade","0.000592965","BTC-DFI","0.00001049000000","BTC","","","DeFiChain Light Wallet","Add Liquidity","Trade 2 ","2022-01-03T20:56:35", "1BTC-DFI20220103205635"
"Trade","0.30403162","USDC-DFI","1.13132530000000","USDC","","","DeFiChain Light Wallet","Add Liquidity","Trade 1 ","2022-01-03T20:56:00", "1USDC-DFI20220103205600"
"Trade","0.30403162","USDC-DFI","0.33480257000000","DFI","","","DeFiChain Light Wallet","Add Liquidity","Trade 2 ","2022-01-03T20:56:00", "1USDC-DFI20220103205600"
"Mining","0.00000280000000","BTC","","","","","DeFiChain Light Wallet","","Commission","2022-01-03T00:01:00", "BTC20220103000100_Commission"
"Mining","2.95593981000000","DFI","","","","","DeFiChain Light Wallet","","Rewards","2022-01-03T00:01:00", "DFI20220103000100_Rewards"
"Mining","0.04509886000000","DFI","","","","","DeFiChain Light Wallet","","Commission","2022-01-03T00:01:00", "DFI20220103000100_Commission"
"Trade","0.118771875","USDC-DFI","0.13142932000000","DFI","","","DeFiChain Light Wallet","Add Liquidity","Trade 1 ","2022-01-02T21:30:33", "1USDC-DFI20220102213033"
"Trade","0.118771875","USDC-DFI","0.43950514000000","USDC","","","DeFiChain Light Wallet","Add Liquidity","Trade 2 ","2022-01-02T21:30:33", "1USDC-DFI20220102213033"
"Trade","0.00023098","BTC-DFI","0.00000409000000","BTC","","","DeFiChain Light Wallet","Add Liquidity","Trade 1 ","2022-01-02T16:30:04", "1BTC-DFI20220102163004"
"Trade","0.00023098","BTC-DFI","0.05221220000000","DFI","","","DeFiChain Light Wallet","Add Liquidity","Trade 2 ","2022-01-02T16:30:04", "1BTC-DFI20220102163004"
"Trade","0.000105505","ETH-DFI","0.00000649000000","ETH","","","DeFiChain Light Wallet","Add Liquidity","Trade 1 ","2022-01-02T16:17:50", "1ETH-DFI20220102161750"
"Trade","0.000105505","ETH-DFI","0.00688573000000","DFI","","","DeFiChain Light Wallet","Add Liquidity","Trade 2 ","2022-01-02T16:17:50", "1ETH-DFI20220102161750"
"Mining","0.00000276000000","BTC","","","","","DeFiChain Light Wallet","","Commission","2022-01-02T00:01:00", "BTC20220102000100_Commission"
"Mining","0.00004872000000","ETH","","","","","DeFiChain Light Wallet","","Commission","2022-01-02T00:01:00", "ETH20220102000100_Commission"
"Mining","4.34337834000000","DFI","","","","","DeFiChain Light Wallet","","Rewards","2022-01-02T00:01:00", "DFI20220102000100_Rewards"
"Mining","0.40490097000000","DFI","","","","","DeFiChain Light Wallet","","Commission","2022-01-02T00:01:00", "DFI20220102000100_Commission"
"Mining","0.90311552000000","USDC","","","","","DeFiChain Light Wallet","","Commission","2022-01-02T00:01:00", "USDC20220102000100_Commission"
"Trade","0.14292731","USDC-DFI","0.54849885000000","USDC","","","DeFiChain Light Wallet","Add Liquidity","Trade 1 ","2022-01-01T16:40:18", "1USDC-DFI20220101164018"
"Trade","0.14292731","USDC-DFI","0.15317583000000","DFI","","","DeFiChain Light Wallet","Add Liquidity","Trade 2 ","2022-01-01T16:40:18", "1USDC-DFI20220101164018"
"Trade","0.00047743","BTC-DFI","0.00000851000000","BTC","","","DeFiChain Light Wallet","Add Liquidity","Trade 1 ","2022-01-01T16:39:08", "1BTC-DFI20220101163908"
"Trade","0.00047743","BTC-DFI","0.10718194000000","DFI","","","DeFiChain Light Wallet","Add Liquidity","Trade 2 ","2022-01-01T16:39:08", "1BTC-DFI20220101163908"
"Trade","0.00091709","ETH-DFI","0.00005709000000","ETH","","","DeFiChain Light Wallet","Add Liquidity","Trade 1 ","2022-01-01T16:33:30", "1ETH-DFI20220101163330"
"Trade","0.00091709","ETH-DFI","0.05901288000000","DFI","","","DeFiChain Light Wallet","Add Liquidity","Trade 2 ","2022-01-01T16:33:30", "1ETH-DFI20220101163330"
"Mining","0.00001133000000","BTC","","","","","DeFiChain Light Wallet","","Commission","2022-01-01T00:01:00", "BTC20220101000100_Commission"
"Mining","0.00002666000000","ETH","","","","","DeFiChain Light Wallet","","Commission","2022-01-01T00:01:00", "ETH20220101000100_Commission"
"Mining","2.71221924000000","DFI","","","","","DeFiChain Light Wallet","","Rewards","2022-01-01T00:01:00", "DFI20220101000100_Rewards"
"Mining","0.24717794000000","DFI","","","","","DeFiChain Light Wallet","","Commission","2022-01-01T00:01:00", "DFI20220101000100_Commission"
"Mining","0.38793383000000","USDC","","","","","DeFiChain Light Wallet","","Commission","2022-01-01T00:01:00", "USDC20220101000100_Commission"
"Trade","0.068310485","USDC-DFI","0.07560338000000","DFI","","","DeFiChain Light Wallet","Add Liquidity","Trade 1 ","2021-12-31T18:05:14", "1USDC-DFI20211231180514"
"Trade","0.068310485","USDC-DFI","0.25272962000000","USDC","","","DeFiChain Light Wallet","Add Liquidity","Trade 2 ","2021-12-31T18:05:14", "1USDC-DFI20211231180514"
"Trade","0.0000374","BTC-DFI","0.00888648000000","DFI","","","DeFiChain Light Wallet","Add Liquidity","Trade 1 ","2021-12-31T18:02:37", "1BTC-DFI20211231180237"
"Trade","0.0000374","BTC-DFI","0.00000063000000","BTC","","","DeFiChain Light Wallet","Add Liquidity","Trade 2 ","2021-12-31T18:02:37", "1BTC-DFI20211231180237"
"Trade","0.00021891","ETH-DFI","0.00001315000000","ETH","","","DeFiChain Light Wallet","Add Liquidity","Trade 1 ","2021-12-31T18:01:35", "1ETH-DFI20211231180135"
"Trade","0.00021891","ETH-DFI","0.01459616000000","DFI","","","DeFiChain Light Wallet","Add Liquidity","Trade 2 ","2021-12-31T18:01:35", "1ETH-DFI20211231180135"
"Mining","0.00000925000000","BTC","","","","","DeFiChain Light Wallet","","Commission","2021-12-31T00:01:00", "BTC20211231000100_Commission"
"Mining","0.00005626000000","ETH","","","","","DeFiChain Light Wallet","","Commission","2021-12-31T00:01:00", "ETH20211231000100_Commission"
"Mining","4.40897812000000","DFI","","","","","DeFiChain Light Wallet","","Rewards","2021-12-31T00:01:00", "DFI20211231000100_Rewards"
"Mining","0.34467777000000","DFI","","","","","DeFiChain Light Wallet","","Commission","2021-12-31T00:01:00", "DFI20211231000100_Commission"
"Mining","0.77608337000000","USDC","","","","","DeFiChain Light Wallet","","Commission","2021-12-31T00:01:00", "USDC20211231000100_Commission"
"Trade","0.084458445","USDC-DFI","0.09283401000000","DFI","","","DeFiChain Light Wallet","Add Liquidity","Trade 1 ","2021-12-30T15:36:57", "1USDC-DFI20211230153657"
"Trade","0.084458445","USDC-DFI","0.31463072000000","USDC","","","DeFiChain Light Wallet","Add Liquidity","Trade 2 ","2021-12-30T15:36:57", "1USDC-DFI20211230153657"
"Trade","0.00005635","BTC-DFI","0.00000096000000","BTC","","","DeFiChain Light Wallet","Add Liquidity","Trade 1 ","2021-12-30T15:33:39", "1BTC-DFI20211230153339"
"Trade","0.00005635","BTC-DFI","0.01323669000000","DFI","","","DeFiChain Light Wallet","Add Liquidity","Trade 2 ","2021-12-30T15:33:39", "1BTC-DFI20211230153339"
"Trade","0.000169875","ETH-DFI","0.01123248000000","DFI","","","DeFiChain Light Wallet","Add Liquidity","Trade 1 ","2021-12-30T15:33:02", "1ETH-DFI20211230153302"
"Trade","0.000169875","ETH-DFI","0.00001029000000","ETH","","","DeFiChain Light Wallet","Add Liquidity","Trade 2 ","2021-12-30T15:33:02", "1ETH-DFI20211230153302"
"Mining","0.00000060000000","BTC","","","","","DeFiChain Light Wallet","","Commission","2021-12-30T00:01:00", "BTC20211230000100_Commission"
"Mining","0.00001266000000","ETH","","","","","DeFiChain Light Wallet","","Commission","2021-12-30T00:01:00", "ETH20211230000100_Commission"
"Mining","4.55793056000000","DFI","","","","","DeFiChain Light Wallet","","Rewards","2021-12-30T00:01:00", "DFI20211230000100_Rewards"
"Mining","0.12900539000000","DFI","","","","","DeFiChain Light Wallet","","Commission","2021-12-30T00:01:00", "DFI20211230000100_Commission"
"Mining","0.26890068000000","USDC","","","","","DeFiChain Light Wallet","","Commission","2021-12-30T00:01:00", "USDC20211230000100_Commission"
"Trade","0.06378234","USDC-DFI","0.06976129000000","DFI","","","DeFiChain Light Wallet","Add Liquidity","Trade 1 ","2021-12-29T15:26:23", "1USDC-DFI20211229152623"
"Trade","0.06378234","USDC-DFI","0.23878444000000","USDC","","","DeFiChain Light Wallet","Add Liquidity","Trade 2 ","2021-12-29T15:26:23", "1USDC-DFI20211229152623"
"Trade","0.00005511","BTC-DFI","0.00000094000000","BTC","","","DeFiChain Light Wallet","Add Liquidity","Trade 1 ","2021-12-29T15:25:27", "1BTC-DFI20211229152527"
"Trade","0.00005511","BTC-DFI","0.01293158000000","DFI","","","DeFiChain Light Wallet","Add Liquidity","Trade 2 ","2021-12-29T15:25:27", "1BTC-DFI20211229152527"
"Trade","0.000192995","ETH-DFI","0.00001162000000","ETH","","","DeFiChain Light Wallet","Add Liquidity","Trade 1 ","2021-12-29T15:24:35", "1ETH-DFI20211229152435"
"Trade","0.000192995","ETH-DFI","0.01283871000000","DFI","","","DeFiChain Light Wallet","Add Liquidity","Trade 2 ","2021-12-29T15:24:35", "1ETH-DFI20211229152435"
"Mining","0.00000072000000","BTC","","","","","DeFiChain Light Wallet","","Commission","2021-12-29T00:01:00", "BTC20211229000100_Commission"
"Mining","0.00000563000000","ETH","","","","","DeFiChain Light Wallet","","Commission","2021-12-29T00:01:00", "ETH20211229000100_Commission"
"Mining","4.28794324000000","DFI","","","","","DeFiChain Light Wallet","","Rewards","2021-12-29T00:01:00", "DFI20211229000100_Rewards"
"Mining","0.08801339000000","DFI","","","","","DeFiChain Light Wallet","","Commission","2021-12-29T00:01:00", "DFI20211229000100_Commission"
"Mining","0.21173802000000","USDC","","","","","DeFiChain Light Wallet","","Commission","2021-12-29T00:01:00", "USDC20211229000100_Commission"
"Trade","0.102235835","USDC-DFI","0.38632256000000","USDC","","","DeFiChain Light Wallet","Add Liquidity","Trade 1 ","2021-12-28T15:20:12", "1USDC-DFI20211228152012"
"Trade","0.102235835","USDC-DFI","0.11078301000000","DFI","","","DeFiChain Light Wallet","Add Liquidity","Trade 2 ","2021-12-28T15:20:12", "1USDC-DFI20211228152012"
"Trade","0.00020349","BTC-DFI","0.04775241000000","DFI","","","DeFiChain Light Wallet","Add Liquidity","Trade 1 ","2021-12-28T15:19:50", "1BTC-DFI20211228151950"
"Trade","0.00020349","BTC-DFI","0.00000347000000","BTC","","","DeFiChain Light Wallet","Add Liquidity","Trade 2 ","2021-12-28T15:19:50", "1BTC-DFI20211228151950"
"Trade","0.000711755","ETH-DFI","0.04760811000000","DFI","","","DeFiChain Light Wallet","Add Liquidity","Trade 1 ","2021-12-28T15:18:42", "1ETH-DFI20211228151842"
"Trade","0.000711755","ETH-DFI","0.00004262000000","ETH","","","DeFiChain Light Wallet","Add Liquidity","Trade 2 ","2021-12-28T15:18:42", "1ETH-DFI20211228151842"
"Mining","0.00000102000000","BTC","","","","","DeFiChain Light Wallet","","Commission","2021-12-28T00:01:00", "BTC20211228000100_Commission"
"Mining","0.00001379000000","ETH","","","","","DeFiChain Light Wallet","","Commission","2021-12-28T00:01:00", "ETH20211228000100_Commission"
"Mining","4.55968174000000","DFI","","","","","DeFiChain Light Wallet","","Rewards","2021-12-28T00:01:00", "DFI20211228000100_Rewards"
"Mining","0.11443762000000","DFI","","","","","DeFiChain Light Wallet","","Commission","2021-12-28T00:01:00", "DFI20211228000100_Commission"
"Mining","0.30834492000000","USDC","","","","","DeFiChain Light Wallet","","Commission","2021-12-28T00:01:00", "USDC20211228000100_Commission"
"Trade","0.11558283","USDC-DFI","0.12588758000000","DFI","","","DeFiChain Light Wallet","Add Liquidity","Trade 1 ","2021-12-27T15:32:14", "1USDC-DFI20211227153214"
"Trade","0.11558283","USDC-DFI","0.43547315000000","USDC","","","DeFiChain Light Wallet","Add Liquidity","Trade 2 ","2021-12-27T15:32:14", "1USDC-DFI20211227153214"
"Trade","0.00031126","BTC-DFI","0.07403957000000","DFI","","","DeFiChain Light Wallet","Add Liquidity","Trade 1 ","2021-12-27T15:30:25", "1BTC-DFI20211227153025"
"Trade","0.00031126","BTC-DFI","0.00000524000000","BTC","","","DeFiChain Light Wallet","Add Liquidity","Trade 2 ","2021-12-27T15:30:25", "1BTC-DFI20211227153025"
"Trade","0.00062528","ETH-DFI","0.04246079000000","DFI","","","DeFiChain Light Wallet","Add Liquidity","Trade 1 ","2021-12-27T15:25:55", "1ETH-DFI20211227152555"
"Trade","0.00062528","ETH-DFI","0.00003688000000","ETH","","","DeFiChain Light Wallet","Add Liquidity","Trade 2 ","2021-12-27T15:25:55", "1ETH-DFI20211227152555"
"Mining","0.00000075000000","BTC","","","","","DeFiChain Light Wallet","","Commission","2021-12-27T00:01:00", "BTC20211227000100_Commission"
"Mining","0.00004253000000","ETH","","","","","DeFiChain Light Wallet","","Commission","2021-12-27T00:01:00", "ETH20211227000100_Commission"
"Mining","4.39591009000000","DFI","","","","","DeFiChain Light Wallet","","Rewards","2021-12-27T00:01:00", "DFI20211227000100_Rewards"
"Mining","0.12847636000000","DFI","","","","","DeFiChain Light Wallet","","Commission","2021-12-27T00:01:00", "DFI20211227000100_Commission"
"Mining","0.26336459000000","USDC","","","","","DeFiChain Light Wallet","","Commission","2021-12-27T00:01:00", "USDC20211227000100_Commission"
"Trade","0.03386491","USDC-DFI","0.03724253000000","DFI","","","DeFiChain Light Wallet","Add Liquidity","Trade 1 ","2021-12-26T18:03:08", "1USDC-DFI20211226180308"
"Trade","0.03386491","USDC-DFI","0.12643212000000","USDC","","","DeFiChain Light Wallet","Add Liquidity","Trade 2 ","2021-12-26T18:03:08", "1USDC-DFI20211226180308"
"Trade","0.00003683","BTC-DFI","0.00000061000000","BTC","","","DeFiChain Light Wallet","Add Liquidity","Trade 1 ","2021-12-26T17:59:56", "1BTC-DFI20211226175956"
"Trade","0.00003683","BTC-DFI","0.00889930000000","DFI","","","DeFiChain Light Wallet","Add Liquidity","Trade 2 ","2021-12-26T17:59:56", "1BTC-DFI20211226175956"
"Trade","0.00005603","ETH-DFI","0.00000325000000","ETH","","","DeFiChain Light Wallet","Add Liquidity","Trade 1 ","2021-12-26T17:58:28", "1ETH-DFI20211226175828"
"Trade","0.00005603","ETH-DFI","0.00386935000000","DFI","","","DeFiChain Light Wallet","Add Liquidity","Trade 2 ","2021-12-26T17:58:28", "1ETH-DFI20211226175828"
"Mining","0.00000629000000","BTC","","","","","DeFiChain Light Wallet","","Commission","2021-12-26T00:01:00", "BTC20211226000100_Commission"
"Mining","0.00002086000000","ETH","","","","","DeFiChain Light Wallet","","Commission","2021-12-26T00:01:00", "ETH20211226000100_Commission"
"Mining","4.53538153000000","DFI","","","","","DeFiChain Light Wallet","","Rewards","2021-12-26T00:01:00", "DFI20211226000100_Rewards"
"Mining","0.23528565000000","DFI","","","","","DeFiChain Light Wallet","","Commission","2021-12-26T00:01:00", "DFI20211226000100_Commission"
"Mining","0.53039936000000","USDC","","","","","DeFiChain Light Wallet","","Commission","2021-12-26T00:01:00", "USDC20211226000100_Commission"
"Trade","0.077375885","USDC-DFI","0.08496663000000","DFI","","","DeFiChain Light Wallet","Add Liquidity","Trade 1 ","2021-12-25T18:06:33", "1USDC-DFI20211225180633"
"Trade","0.077375885","USDC-DFI","0.28851702000000","USDC","","","DeFiChain Light Wallet","Add Liquidity","Trade 2 ","2021-12-25T18:06:33", "1USDC-DFI20211225180633"
"Trade","0.000009685","BTC-DFI","0.00234640000000","DFI","","","DeFiChain Light Wallet","Add Liquidity","Trade 1 ","2021-12-25T18:03:52", "1BTC-DFI20211225180352"
"Trade","0.000009685","BTC-DFI","0.00000016000000","BTC","","","DeFiChain Light Wallet","Add Liquidity","Trade 2 ","2021-12-25T18:03:52", "1BTC-DFI20211225180352"
"Trade","0.000077225","ETH-DFI","0.00530837000000","DFI","","","DeFiChain Light Wallet","Add Liquidity","Trade 1 ","2021-12-25T18:03:01", "1ETH-DFI20211225180301"
"Trade","0.000077225","ETH-DFI","0.00000450000000","ETH","","","DeFiChain Light Wallet","Add Liquidity","Trade 2 ","2021-12-25T18:03:01", "1ETH-DFI20211225180301"
"Mining","0.00000254000000","BTC","","","","","DeFiChain Light Wallet","","Commission","2021-12-25T00:01:00", "BTC20211225000100_Commission"
"Mining","0.00002322000000","ETH","","","","","DeFiChain Light Wallet","","Commission","2021-12-25T00:01:00", "ETH20211225000100_Commission"
"Mining","4.54053190000000","DFI","","","","","DeFiChain Light Wallet","","Rewards","2021-12-25T00:01:00", "DFI20211225000100_Rewards"
"Mining","0.10573236000000","DFI","","","","","DeFiChain Light Wallet","","Commission","2021-12-25T00:01:00", "DFI20211225000100_Commission"
"Mining","0.22062695000000","USDC","","","","","DeFiChain Light Wallet","","Commission","2021-12-25T00:01:00", "USDC20211225000100_Commission"
"Trade","0.121442895","USDC-DFI","0.45788393000000","USDC","","","DeFiChain Light Wallet","Add Liquidity","Trade 1 ","2021-12-24T17:15:18", "1USDC-DFI20211224171518"
"Trade","0.121442895","USDC-DFI","0.13188523000000","DFI","","","DeFiChain Light Wallet","Add Liquidity","Trade 2 ","2021-12-24T17:15:18", "1USDC-DFI20211224171518"
"Trade","0.000034975","BTC-DFI","0.00843950000000","DFI","","","DeFiChain Light Wallet","Add Liquidity","Trade 1 ","2021-12-24T17:12:07", "1BTC-DFI20211224171207"
"Trade","0.000034975","BTC-DFI","0.00000058000000","BTC","","","DeFiChain Light Wallet","Add Liquidity","Trade 2 ","2021-12-24T17:12:07", "1BTC-DFI20211224171207"
"Trade","0.000118405","ETH-DFI","0.00809165000000","DFI","","","DeFiChain Light Wallet","Add Liquidity","Trade 1 ","2021-12-24T17:08:02", "1ETH-DFI20211224170802"
"Trade","0.000118405","ETH-DFI","0.00000694000000","ETH","","","DeFiChain Light Wallet","Add Liquidity","Trade 2 ","2021-12-24T17:08:02", "1ETH-DFI20211224170802"
"Mining","0.00000018000000","BTC","","","","","DeFiChain Light Wallet","","Commission","2021-12-24T00:01:00", "BTC20211224000100_Commission"
"Mining","0.00000424000000","ETH","","","","","DeFiChain Light Wallet","","Commission","2021-12-24T00:01:00", "ETH20211224000100_Commission"
"Mining","4.46719627000000","DFI","","","","","DeFiChain Light Wallet","","Rewards","2021-12-24T00:01:00", "DFI20211224000100_Rewards"
"Mining","0.09995909000000","DFI","","","","","DeFiChain Light Wallet","","Commission","2021-12-24T00:01:00", "DFI20211224000100_Commission"
"Mining","0.25534929000000","USDC","","","","","DeFiChain Light Wallet","","Commission","2021-12-24T00:01:00", "USDC20211224000100_Commission"
"Trade","0.09851634","USDC-DFI","0.36582289000000","USDC","","","DeFiChain Light Wallet","Add Liquidity","Trade 1 ","2021-12-23T16:38:38", "1USDC-DFI20211223163838"
"Trade","0.09851634","USDC-DFI","0.10862927000000","DFI","","","DeFiChain Light Wallet","Add Liquidity","Trade 2 ","2021-12-23T16:38:38", "1USDC-DFI20211223163838"
"Trade","0.00004736","BTC-DFI","0.00000080000000","BTC","","","DeFiChain Light Wallet","Add Liquidity","Trade 1 ","2021-12-23T16:37:28", "1BTC-DFI20211223163728"
"Trade","0.00004736","BTC-DFI","0.01122025000000","DFI","","","DeFiChain Light Wallet","Add Liquidity","Trade 2 ","2021-12-23T16:37:28", "1BTC-DFI20211223163728"
"Trade","0.00037144","ETH-DFI","0.00002187000000","ETH","","","DeFiChain Light Wallet","Add Liquidity","Trade 1 ","2021-12-23T16:36:54", "1ETH-DFI20211223163654"
"Trade","0.00037144","ETH-DFI","0.02526776000000","DFI","","","DeFiChain Light Wallet","Add Liquidity","Trade 2 ","2021-12-23T16:36:54", "1ETH-DFI20211223163654"
"Mining","0.00000032000000","BTC","","","","","DeFiChain Light Wallet","","Commission","2021-12-23T00:01:00", "BTC20211223000100_Commission"
"Mining","0.00000483000000","ETH","","","","","DeFiChain Light Wallet","","Commission","2021-12-23T00:01:00", "ETH20211223000100_Commission"
"Mining","4.49264056000000","DFI","","","","","DeFiChain Light Wallet","","Rewards","2021-12-23T00:01:00", "DFI20211223000100_Rewards"
"Mining","0.11624073000000","DFI","","","","","DeFiChain Light Wallet","","Commission","2021-12-23T00:01:00", "DFI20211223000100_Commission"
"Mining","0.28949168000000","USDC","","","","","DeFiChain Light Wallet","","Commission","2021-12-23T00:01:00", "USDC20211223000100_Commission"
"Trade","0.09924428","USDC-DFI","0.37785488000000","USDC","","","DeFiChain Light Wallet","Add Liquidity","Trade 1 ","2021-12-22T15:27:49", "1USDC-DFI20211222152749"
"Trade","0.09924428","USDC-DFI","0.10672995000000","DFI","","","DeFiChain Light Wallet","Add Liquidity","Trade 2 ","2021-12-22T15:27:49", "1USDC-DFI20211222152749"
"Trade","0.00045608","ETH-DFI","0.00002727000000","ETH","","","DeFiChain Light Wallet","Add Liquidity","Trade 1 ","2021-12-22T15:25:08", "1ETH-DFI20211222152508"
"Trade","0.00045608","ETH-DFI","0.03055126000000","DFI","","","DeFiChain Light Wallet","Add Liquidity","Trade 2 ","2021-12-22T15:25:08", "1ETH-DFI20211222152508"
"Trade","0.00002215","BTC-DFI","0.00516863000000","DFI","","","DeFiChain Light Wallet","Add Liquidity","Trade 1 ","2021-12-22T15:25:03", "1BTC-DFI20211222152503"
"Trade","0.00002215","BTC-DFI","0.00000038000000","BTC","","","DeFiChain Light Wallet","Add Liquidity","Trade 2 ","2021-12-22T15:25:03", "1BTC-DFI20211222152503"
"Mining","0.00000087000000","BTC","","","","","DeFiChain Light Wallet","","Commission","2021-12-22T00:01:00", "BTC20211222000100_Commission"
"Mining","0.00001357000000","ETH","","","","","DeFiChain Light Wallet","","Commission","2021-12-22T00:01:00", "ETH20211222000100_Commission"
"Mining","4.58996867000000","DFI","","","","","DeFiChain Light Wallet","","Rewards","2021-12-22T00:01:00", "DFI20211222000100_Rewards"
"Mining","0.20433136000000","DFI","","","","","DeFiChain Light Wallet","","Commission","2021-12-22T00:01:00", "DFI20211222000100_Commission"
"Mining","0.46472055000000","USDC","","","","","DeFiChain Light Wallet","","Commission","2021-12-22T00:01:00", "USDC20211222000100_Commission"
"Trade","0.1035232","USDC-DFI","0.11075237000000","DFI","","","DeFiChain Light Wallet","Add Liquidity","Trade 1 ","2021-12-21T14:24:44", "1USDC-DFI20211221142444"
"Trade","0.1035232","USDC-DFI","0.39637560000000","USDC","","","DeFiChain Light Wallet","Add Liquidity","Trade 2 ","2021-12-21T14:24:44", "1USDC-DFI20211221142444"
"Trade","0.000037155","BTC-DFI","0.00000064000000","BTC","","","DeFiChain Light Wallet","Add Liquidity","Trade 1 ","2021-12-21T14:21:35", "1BTC-DFI20211221142135"
"Trade","0.000037155","BTC-DFI","0.00863243000000","DFI","","","DeFiChain Light Wallet","Add Liquidity","Trade 2 ","2021-12-21T14:21:35", "1BTC-DFI20211221142135"
"Trade","0.00011164","ETH-DFI","0.00748420000000","DFI","","","DeFiChain Light Wallet","Add Liquidity","Trade 1 ","2021-12-21T14:19:23", "1ETH-DFI20211221141923"
"Trade","0.00011164","ETH-DFI","0.00000667000000","ETH","","","DeFiChain Light Wallet","Add Liquidity","Trade 2 ","2021-12-21T14:19:23", "1ETH-DFI20211221141923"
"Mining","0.00000038000000","BTC","","","","","DeFiChain Light Wallet","","Commission","2021-12-21T00:01:00", "BTC20211221000100_Commission"
"Mining","0.00002382000000","ETH","","","","","DeFiChain Light Wallet","","Commission","2021-12-21T00:01:00", "ETH20211221000100_Commission"
"Mining","4.58063008000000","DFI","","","","","DeFiChain Light Wallet","","Rewards","2021-12-21T00:01:00", "DFI20211221000100_Rewards"
"Mining","0.14948458000000","DFI","","","","","DeFiChain Light Wallet","","Commission","2021-12-21T00:01:00", "DFI20211221000100_Commission"
"Mining","0.31511493000000","USDC","","","","","DeFiChain Light Wallet","","Commission","2021-12-21T00:01:00", "USDC20211221000100_Commission"
"Trade","8.28530979","ETH-DFI","0.49901061000000","ETH","","","DeFiChain Light Wallet","Add Liquidity","Trade 1 ","2021-12-20T18:44:46", "1ETH-DFI20211220184446"
"Trade","8.28530979","ETH-DFI","550.97710529000005","DFI","","","DeFiChain Light Wallet","Add Liquidity","Trade 2 ","2021-12-20T18:44:46", "1ETH-DFI20211220184446"
"Deposit","0.49901043000000","ETH","","","","","DeFiChain Light Wallet","","AccountToAccount","2021-12-20T18:38:39", "ETH20211220183839_AccountToAccount"
"Trade","0.31101324","USDC-DFI","1.16390009000000","USDC","","","DeFiChain Light Wallet","Add Liquidity","Trade 1 ","2021-12-20T15:43:18", "1USDC-DFI20211220154318"
"Trade","0.31101324","USDC-DFI","0.34026916000000","DFI","","","DeFiChain Light Wallet","Add Liquidity","Trade 2 ","2021-12-20T15:43:18", "1USDC-DFI20211220154318"
"Trade","0.0000911","BTC-DFI","0.00000158000000","BTC","","","DeFiChain Light Wallet","Add Liquidity","Trade 1 ","2021-12-20T15:40:29", "1BTC-DFI20211220154029"
"Trade","0.0000911","BTC-DFI","0.02101901000000","DFI","","","DeFiChain Light Wallet","Add Liquidity","Trade 2 ","2021-12-20T15:40:29", "1BTC-DFI20211220154029"
"Trade","0.000086255","ETH-DFI","0.00000521000000","ETH","","","DeFiChain Light Wallet","Add Liquidity","Trade 1 ","2021-12-20T15:37:43", "1ETH-DFI20211220153743"
"Trade","0.000086255","ETH-DFI","0.00571992000000","DFI","","","DeFiChain Light Wallet","Add Liquidity","Trade 2 ","2021-12-20T15:37:43", "1ETH-DFI20211220153743"
"Mining","0.00000049000000","BTC","","","","","DeFiChain Light Wallet","","Commission","2021-12-20T00:01:00", "BTC20211220000100_Commission"
"Mining","0.00002035000000","ETH","","","","","DeFiChain Light Wallet","","Commission","2021-12-20T00:01:00", "ETH20211220000100_Commission"
"Mining","4.51022291000000","DFI","","","","","DeFiChain Light Wallet","","Rewards","2021-12-20T00:01:00", "DFI20211220000100_Rewards"
"Mining","0.12132560000000","DFI","","","","","DeFiChain Light Wallet","","Commission","2021-12-20T00:01:00", "DFI20211220000100_Commission"
"Mining","0.36184868000000","USDC","","","","","DeFiChain Light Wallet","","Commission","2021-12-20T00:01:00", "USDC20211220000100_Commission"
"Mining","0.00000111000000","BTC","","","","","DeFiChain Light Wallet","","Commission","2021-12-19T00:01:00", "BTC20211219000100_Commission"
"Mining","0.00000397000000","ETH","","","","","DeFiChain Light Wallet","","Commission","2021-12-19T00:01:00", "ETH20211219000100_Commission"
"Mining","3.05669782000000","DFI","","","","","DeFiChain Light Wallet","","Rewards","2021-12-19T00:01:00", "DFI20211219000100_Rewards"
"Mining","0.27209876000000","DFI","","","","","DeFiChain Light Wallet","","Commission","2021-12-19T00:01:00", "DFI20211219000100_Commission"
"Mining","0.77151053000000","USDC","","","","","DeFiChain Light Wallet","","Commission","2021-12-19T00:01:00", "USDC20211219000100_Commission"
"Trade","0.31460874","USDC-DFI","0.33166354000000","DFI","","","DeFiChain Light Wallet","Add Liquidity","Trade 1 ","2021-12-18T18:05:50", "1USDC-DFI20211218180550"
"Trade","0.31460874","USDC-DFI","1.22176285000000","USDC","","","DeFiChain Light Wallet","Add Liquidity","Trade 2 ","2021-12-18T18:05:50", "1USDC-DFI20211218180550"
"Trade","0.00010108","BTC-DFI","0.00000181000000","BTC","","","DeFiChain Light Wallet","Add Liquidity","Trade 1 ","2021-12-18T18:04:19", "1BTC-DFI20211218180419"
"Trade","0.00010108","BTC-DFI","0.02258996000000","DFI","","","DeFiChain Light Wallet","Add Liquidity","Trade 2 ","2021-12-18T18:04:19", "1BTC-DFI20211218180419"
"Trade","0.000083605","ETH-DFI","0.00541506000000","DFI","","","DeFiChain Light Wallet","Add Liquidity","Trade 1 ","2021-12-18T18:02:58", "1ETH-DFI20211218180258"
"Trade","0.000083605","ETH-DFI","0.00000517000000","ETH","","","DeFiChain Light Wallet","Add Liquidity","Trade 2 ","2021-12-18T18:02:58", "1ETH-DFI20211218180258"
"Mining","0.00000068000000","BTC","","","","","DeFiChain Light Wallet","","Commission","2021-12-18T00:01:00", "BTC20211218000100_Commission"
"Mining","0.00000249000000","ETH","","","","","DeFiChain Light Wallet","","Commission","2021-12-18T00:01:00", "ETH20211218000100_Commission"
"Mining","2.62045792000000","DFI","","","","","DeFiChain Light Wallet","","Rewards","2021-12-18T00:01:00", "DFI20211218000100_Rewards"
"Mining","0.18452098000000","DFI","","","","","DeFiChain Light Wallet","","Commission","2021-12-18T00:01:00", "DFI20211218000100_Commission"
"Mining","0.48923805000000","USDC","","","","","DeFiChain Light Wallet","","Commission","2021-12-18T00:01:00", "USDC20211218000100_Commission"
"Mining","0.00000044000000","BTC","","","","","DeFiChain Light Wallet","","Commission","2021-12-17T00:01:00", "BTC20211217000100_Commission"
"Mining","0.00000142000000","ETH","","","","","DeFiChain Light Wallet","","Commission","2021-12-17T00:01:00", "ETH20211217000100_Commission"
"Mining","2.63972442000000","DFI","","","","","DeFiChain Light Wallet","","Rewards","2021-12-17T00:01:00", "DFI20211217000100_Rewards"
"Mining","0.13335344000000","DFI","","","","","DeFiChain Light Wallet","","Commission","2021-12-17T00:01:00", "DFI20211217000100_Commission"
"Mining","0.42753953000000","USDC","","","","","DeFiChain Light Wallet","","Commission","2021-12-17T00:01:00", "USDC20211217000100_Commission"
"Trade","0.00004088","ETH-DFI","0.00258436000000","DFI","","","DeFiChain Light Wallet","Add Liquidity","Trade 1 ","2021-12-16T15:47:39", "1ETH-DFI20211216154739"
"Trade","0.00004088","ETH-DFI","0.00000259000000","ETH","","","DeFiChain Light Wallet","Add Liquidity","Trade 2 ","2021-12-16T15:47:39", "1ETH-DFI20211216154739"
"Trade","0.00007367","BTC-DFI","0.00000135000000","BTC","","","DeFiChain Light Wallet","Add Liquidity","Trade 1 ","2021-12-16T15:44:39", "1BTC-DFI20211216154439"
"Trade","0.00007367","BTC-DFI","0.01608835000000","DFI","","","DeFiChain Light Wallet","Add Liquidity","Trade 2 ","2021-12-16T15:44:39", "1BTC-DFI20211216154439"
"Trade","0.12725","USDC-DFI","0.51586241000000","USDC","","","DeFiChain Light Wallet","Add Liquidity","Trade 1 ","2021-12-16T15:43:00", "1USDC-DFI20211216154300"
"Trade","0.12725","USDC-DFI","0.12848218000000","DFI","","","DeFiChain Light Wallet","Add Liquidity","Trade 2 ","2021-12-16T15:43:00", "1USDC-DFI20211216154300"
"Mining","0.00000141000000","BTC","","","","","DeFiChain Light Wallet","","Commission","2021-12-16T00:01:00", "BTC20211216000100_Commission"
"Mining","0.00000272000000","ETH","","","","","DeFiChain Light Wallet","","Commission","2021-12-16T00:01:00", "ETH20211216000100_Commission"
"Mining","2.77005232000000","DFI","","","","","DeFiChain Light Wallet","","Rewards","2021-12-16T00:01:00", "DFI20211216000100_Rewards"
"Mining","0.23949462000000","DFI","","","","","DeFiChain Light Wallet","","Commission","2021-12-16T00:01:00", "DFI20211216000100_Commission"
"Mining","0.70718718000000","USDC","","","","","DeFiChain Light Wallet","","Commission","2021-12-16T00:01:00", "USDC20211216000100_Commission"
"Trade","0.000007415","ETH-DFI","0.00045879000000","DFI","","","DeFiChain Light Wallet","Add Liquidity","Trade 1 ","2021-12-15T15:41:55", "1ETH-DFI20211215154155"
"Trade","0.000007415","ETH-DFI","0.00000048000000","ETH","","","DeFiChain Light Wallet","Add Liquidity","Trade 2 ","2021-12-15T15:41:55", "1ETH-DFI20211215154155"
"Trade","0.000009345","BTC-DFI","0.00000017000000","BTC","","","DeFiChain Light Wallet","Add Liquidity","Trade 1 ","2021-12-15T15:39:51", "1BTC-DFI20211215153951"
"Trade","0.000009345","BTC-DFI","0.00205741000000","DFI","","","DeFiChain Light Wallet","Add Liquidity","Trade 2 ","2021-12-15T15:39:51", "1BTC-DFI20211215153951"
"Trade","0.069613655","USDC-DFI","0.07159259000000","DFI","","","DeFiChain Light Wallet","Add Liquidity","Trade 1 ","2021-12-15T15:39:03", "1USDC-DFI20211215153903"
"Trade","0.069613655","USDC-DFI","0.27702772000000","USDC","","","DeFiChain Light Wallet","Add Liquidity","Trade 2 ","2021-12-15T15:39:03", "1USDC-DFI20211215153903"
"Mining","0.00000092000000","BTC","","","","","DeFiChain Light Wallet","","Commission","2021-12-15T00:01:00", "BTC20211215000100_Commission"
"Mining","0.00000131000000","ETH","","","","","DeFiChain Light Wallet","","Commission","2021-12-15T00:01:00", "ETH20211215000100_Commission"
"Mining","2.72927868000000","DFI","","","","","DeFiChain Light Wallet","","Rewards","2021-12-15T00:01:00", "DFI20211215000100_Rewards"
"Mining","0.11662827000000","DFI","","","","","DeFiChain Light Wallet","","Commission","2021-12-15T00:01:00", "DFI20211215000100_Commission"
"Mining","0.36281595000000","USDC","","","","","DeFiChain Light Wallet","","Commission","2021-12-15T00:01:00", "USDC20211215000100_Commission"
"Trade","0.92954204","USDC-DFI","3.84186591000000","USDC","","","DeFiChain Light Wallet","Add Liquidity","Trade 1 ","2021-12-15T00:00:16", "1USDC-DFI20211215000016"
"Trade","0.92954204","USDC-DFI","0.92012338000000","DFI","","","DeFiChain Light Wallet","Add Liquidity","Trade 2 ","2021-12-15T00:00:16", "1USDC-DFI20211215000016"
"Trade","0.000207455","BTC-DFI","0.04438579000000","DFI","","","DeFiChain Light Wallet","Add Liquidity","Trade 1 ","2021-12-14T23:53:04", "1BTC-DFI20211214235304"
"Trade","0.000207455","BTC-DFI","0.00000388000000","BTC","","","DeFiChain Light Wallet","Add Liquidity","Trade 2 ","2021-12-14T23:53:04", "1BTC-DFI20211214235304"
"Trade","0.000557955","ETH-DFI","0.00003690000000","ETH","","","DeFiChain Light Wallet","Add Liquidity","Trade 1 ","2021-12-14T23:50:38", "1ETH-DFI20211214235038"
"Trade","0.000557955","ETH-DFI","0.03379097000000","DFI","","","DeFiChain Light Wallet","Add Liquidity","Trade 2 ","2021-12-14T23:50:38", "1ETH-DFI20211214235038"
"Mining","0.00000070000000","BTC","","","","","DeFiChain Light Wallet","","Commission","2021-12-14T00:01:00", "BTC20211214000100_Commission"
"Mining","0.00000290000000","ETH","","","","","DeFiChain Light Wallet","","Commission","2021-12-14T00:01:00", "ETH20211214000100_Commission"
"Mining","2.80511045000000","DFI","","","","","DeFiChain Light Wallet","","Rewards","2021-12-14T00:01:00", "DFI20211214000100_Rewards"
"Mining","0.20697438000000","DFI","","","","","DeFiChain Light Wallet","","Commission","2021-12-14T00:01:00", "DFI20211214000100_Commission"
"Mining","0.63280470000000","USDC","","","","","DeFiChain Light Wallet","","Commission","2021-12-14T00:01:00", "USDC20211214000100_Commission"
"Deposit","0.00002141000000","ETH","","","","","DeFiChain Light Wallet","","AnyAccountsToAccounts","2021-12-13T22:09:52", "ETH20211213220952_AnyAccountsToAccounts"
"Deposit","2.72683438000000","USDC","","","","","DeFiChain Light Wallet","","AnyAccountsToAccounts","2021-12-13T22:09:34", "USDC20211213220934_AnyAccountsToAccounts"
"Trade","1.763445515","BTC-DFI","0.03145000000000","BTC","","","DeFiChain Light Wallet","Add Liquidity","Trade 1 ","2021-12-13T21:13:07", "1BTC-DFI20211213211307"
"Trade","1.763445515","BTC-DFI","395.66010777999998","DFI","","","DeFiChain Light Wallet","Add Liquidity","Trade 2 ","2021-12-13T21:13:07", "1BTC-DFI20211213211307"
"Deposit","0.03145000000000","BTC","","","","","DeFiChain Light Wallet","","AccountToAccount","2021-12-13T19:56:57", "BTC20211213195657_AccountToAccount"
"Mining","0.00000357000000","BTC","","","","","DeFiChain Light Wallet","","Commission","2021-12-13T00:01:00", "BTC20211213000100_Commission"
"Mining","0.00001439000000","ETH","","","","","DeFiChain Light Wallet","","Commission","2021-12-13T00:01:00", "ETH20211213000100_Commission"
"Mining","2.79450992000000","DFI","","","","","DeFiChain Light Wallet","","Rewards","2021-12-13T00:01:00", "DFI20211213000100_Rewards"
"Mining","0.25151093000000","DFI","","","","","DeFiChain Light Wallet","","Commission","2021-12-13T00:01:00", "DFI20211213000100_Commission"
"Mining","1.00014067000000","USDC","","","","","DeFiChain Light Wallet","","Commission","2021-12-13T00:01:00", "USDC20211213000100_Commission"
"Mining","0.00000035000000","BTC","","","","","DeFiChain Light Wallet","","Commission","2021-12-12T00:01:00", "BTC20211212000100_Commission"
"Mining","0.00000509000000","ETH","","","","","DeFiChain Light Wallet","","Commission","2021-12-12T00:01:00", "ETH20211212000100_Commission"
"Mining","1.14056818000000","DFI","","","","","DeFiChain Light Wallet","","Rewards","2021-12-12T00:01:00", "DFI20211212000100_Rewards"
"Mining","0.47418347000000","DFI","","","","","DeFiChain Light Wallet","","Commission","2021-12-12T00:01:00", "DFI20211212000100_Commission"
"Mining","1.62167939000000","USDC","","","","","DeFiChain Light Wallet","","Commission","2021-12-12T00:01:00", "USDC20211212000100_Commission"
"Mining","0.00000862000000","ETH","","","","","DeFiChain Light Wallet","","Commission","2021-12-11T00:01:00", "ETH20211211000100_Commission"
"Mining","0.92450642000000","DFI","","","","","DeFiChain Light Wallet","","Rewards","2021-12-11T00:01:00", "DFI20211211000100_Rewards"
"Mining","0.11965022000000","DFI","","","","","DeFiChain Light Wallet","","Commission","2021-12-11T00:01:00", "DFI20211211000100_Commission"
"Mining","0.38983735000000","USDC","","","","","DeFiChain Light Wallet","","Commission","2021-12-11T00:01:00", "USDC20211211000100_Commission"
"Trade","0.00123950000000","DFI","0.00569936000000","USDC","","","DeFiChain Light Wallet","DEX Trade","Poolswap","2021-12-10T18:48:29", "DFIUSDC20211210184829"
"Trade","1.853773955","USDC-DFI","1.75101581000000","DFI","","","DeFiChain Light Wallet","Add Liquidity","Trade 1 ","2021-12-10T18:40:56", "1USDC-DFI20211210184056"
"Trade","1.853773955","USDC-DFI","8.02704900000000","USDC","","","DeFiChain Light Wallet","Add Liquidity","Trade 2 ","2021-12-10T18:40:56", "1USDC-DFI20211210184056"
"Trade","0.30314194","ETH-DFI","0.02070589000000","ETH","","","DeFiChain Light Wallet","Add Liquidity","Trade 1 ","2021-12-10T18:32:28", "1ETH-DFI20211210183228"
"Trade","0.30314194","ETH-DFI","17.77579320000000","DFI","","","DeFiChain Light Wallet","Add Liquidity","Trade 2 ","2021-12-10T18:32:28", "1ETH-DFI20211210183228"
"Mining","0.00000854000000","ETH","","","","","DeFiChain Light Wallet","","Commission","2021-12-10T00:01:00", "ETH20211210000100_Commission"
"Mining","0.91616492000000","DFI","","","","","DeFiChain Light Wallet","","Rewards","2021-12-10T00:01:00", "DFI20211210000100_Rewards"
"Mining","0.15551207000000","DFI","","","","","DeFiChain Light Wallet","","Commission","2021-12-10T00:01:00", "DFI20211210000100_Commission"
"Mining","0.69927787000000","USDC","","","","","DeFiChain Light Wallet","","Commission","2021-12-10T00:01:00", "USDC20211210000100_Commission"
"Mining","0.00000479000000","ETH","","","","","DeFiChain Light Wallet","","Commission","2021-12-09T00:01:00", "ETH20211209000100_Commission"
"Mining","0.88937009000000","DFI","","","","","DeFiChain Light Wallet","","Rewards","2021-12-09T00:01:00", "DFI20211209000100_Rewards"
"Mining","0.12874754000000","DFI","","","","","DeFiChain Light Wallet","","Commission","2021-12-09T00:01:00", "DFI20211209000100_Commission"
"Mining","0.56054822000000","USDC","","","","","DeFiChain Light Wallet","","Commission","2021-12-09T00:01:00", "USDC20211209000100_Commission"
"Mining","0.00000940000000","ETH","","","","","DeFiChain Light Wallet","","Commission","2021-12-08T00:01:00", "ETH20211208000100_Commission"
"Mining","0.93690980000000","DFI","","","","","DeFiChain Light Wallet","","Rewards","2021-12-08T00:01:00", "DFI20211208000100_Rewards"
"Mining","0.22870461000000","DFI","","","","","DeFiChain Light Wallet","","Commission","2021-12-08T00:01:00", "DFI20211208000100_Commission"
"Mining","1.03704502000000","USDC","","","","","DeFiChain Light Wallet","","Commission","2021-12-08T00:01:00", "USDC20211208000100_Commission"
"Mining","0.00000279000000","ETH","","","","","DeFiChain Light Wallet","","Commission","2021-12-07T00:01:00", "ETH20211207000100_Commission"
"Mining","1.05780828000000","DFI","","","","","DeFiChain Light Wallet","","Rewards","2021-12-07T00:01:00", "DFI20211207000100_Rewards"
"Mining","0.15764537000000","DFI","","","","","DeFiChain Light Wallet","","Commission","2021-12-07T00:01:00", "DFI20211207000100_Commission"
"Mining","0.71542032000000","USDC","","","","","DeFiChain Light Wallet","","Commission","2021-12-07T00:01:00", "USDC20211207000100_Commission"
"Mining","0.00000975000000","ETH","","","","","DeFiChain Light Wallet","","Commission","2021-12-06T00:01:00", "ETH20211206000100_Commission"
"Mining","0.67154798000000","DFI","","","","","DeFiChain Light Wallet","","Rewards","2021-12-06T00:01:00", "DFI20211206000100_Rewards"
"Mining","0.17030172000000","DFI","","","","","DeFiChain Light Wallet","","Commission","2021-12-06T00:01:00", "DFI20211206000100_Commission"
"Mining","0.76075819000000","USDC","","","","","DeFiChain Light Wallet","","Commission","2021-12-06T00:01:00", "USDC20211206000100_Commission"
"Mining","0.00001437000000","ETH","","","","","DeFiChain Light Wallet","","Commission","2021-12-05T00:01:00", "ETH20211205000100_Commission"
"Mining","1.07645157000000","DFI","","","","","DeFiChain Light Wallet","","Rewards","2021-12-05T00:01:00", "DFI20211205000100_Rewards"
"Mining","0.57126270000000","DFI","","","","","DeFiChain Light Wallet","","Commission","2021-12-05T00:01:00", "DFI20211205000100_Commission"
"Mining","2.43571079000000","USDC","","","","","DeFiChain Light Wallet","","Commission","2021-12-05T00:01:00", "USDC20211205000100_Commission"
"Mining","0.00001640000000","ETH","","","","","DeFiChain Light Wallet","","Commission","2021-12-04T00:01:00", "ETH20211204000100_Commission"
"Mining","0.94629061000000","DFI","","","","","DeFiChain Light Wallet","","Rewards","2021-12-04T00:01:00", "DFI20211204000100_Rewards"
"Mining","0.20931237000000","DFI","","","","","DeFiChain Light Wallet","","Commission","2021-12-04T00:01:00", "DFI20211204000100_Commission"
"Mining","0.99928673000000","USDC","","","","","DeFiChain Light Wallet","","Commission","2021-12-04T00:01:00", "USDC20211204000100_Commission"
"Mining","0.00001129000000","ETH","","","","","DeFiChain Light Wallet","","Commission","2021-12-03T00:01:00", "ETH20211203000100_Commission"
"Mining","0.95633835000000","DFI","","","","","DeFiChain Light Wallet","","Rewards","2021-12-03T00:01:00", "DFI20211203000100_Rewards"
"Mining","0.21965275000000","DFI","","","","","DeFiChain Light Wallet","","Commission","2021-12-03T00:01:00", "DFI20211203000100_Commission"
"Mining","0.91791648000000","USDC","","","","","DeFiChain Light Wallet","","Commission","2021-12-03T00:01:00", "USDC20211203000100_Commission"
"Trade","0.008332805","USDC-DFI","0.03426333000000","USDC","","","DeFiChain Light Wallet","Add Liquidity","Trade 1 ","2021-12-02T22:18:43", "1USDC-DFI20211202221843"
"Trade","0.008332805","USDC-DFI","0.00826310000000","DFI","","","DeFiChain Light Wallet","Add Liquidity","Trade 2 ","2021-12-02T22:18:43", "1USDC-DFI20211202221843"
"Trade","1.47678555","ETH-DFI","0.08734600000000","ETH","","","DeFiChain Light Wallet","Add Liquidity","Trade 1 ","2021-12-02T19:06:20", "1ETH-DFI20211202190620"
"Trade","1.47678555","ETH-DFI","100.00000000000000","DFI","","","DeFiChain Light Wallet","Add Liquidity","Trade 2 ","2021-12-02T19:06:20", "1ETH-DFI20211202190620"
"Trade","137.987987235","USDC-DFI","139.13501778000000","DFI","","","DeFiChain Light Wallet","Add Liquidity","Trade 1 ","2021-12-02T18:32:26", "1USDC-DFI20211202183226"
"Trade","137.987987235","USDC-DFI","558.00000000000000","USDC","","","DeFiChain Light Wallet","Add Liquidity","Trade 2 ","2021-12-02T18:32:26", "1USDC-DFI20211202183226"
"Trade","0.10795751000000","ETH","124.48116511000001","DFI","","","DeFiChain Light Wallet","DEX Trade","Poolswap","2021-12-02T18:30:27", "ETHDFI20211202183027"
"Trade","373.44349534000003","DFI","1500.00000000000000","USDC","","","DeFiChain Light Wallet","DEX Trade","Poolswap","2021-12-02T18:26:58", "DFIUSDC20211202182658"
"Deposit","2029.00000000000000","USDC","","","","","DeFiChain Light Wallet","","AccountToAccount","2021-12-02T17:23:57", "USDC20211202172357_AccountToAccount"
"Deposit","29.00000000000000","USDC","","","","","DeFiChain Light Wallet","","AccountToAccount","2021-12-02T17:14:40", "USDC20211202171440_AccountToAccount"
"Mining","0.00002350000000","ETH","","","","","DeFiChain Light Wallet","","Commission","2021-12-02T00:01:00", "ETH20211202000100_Commission"
"Mining","0.94160512000000","DFI","","","","","DeFiChain Light Wallet","","Rewards","2021-12-02T00:01:00", "DFI20211202000100_Rewards"
"Mining","0.15045586000000","DFI","","","","","DeFiChain Light Wallet","","Commission","2021-12-02T00:01:00", "DFI20211202000100_Commission"
"Mining","0.72043846000000","USDC","","","","","DeFiChain Light Wallet","","Commission","2021-12-02T00:01:00", "USDC20211202000100_Commission"
"Mining","0.00000234000000","ETH","","","","","DeFiChain Light Wallet","","Commission","2021-12-01T00:01:00", "ETH20211201000100_Commission"
"Mining","0.21353320000000","DFI","","","","","DeFiChain Light Wallet","","Rewards","2021-12-01T00:01:00", "DFI20211201000100_Rewards"
"Mining","0.00803361000000","DFI","","","","","DeFiChain Light Wallet","","Commission","2021-12-01T00:01:00", "DFI20211201000100_Commission"
"Mining","0.05081811000000","USDC","","","","","DeFiChain Light Wallet","","Commission","2021-12-01T00:01:00", "USDC20211201000100_Commission"